sessao_id,data_acesso,hora_acesso,dia_semana,origem_trafego,dispositivo,tempo_carregamento_seg,tempo_pagina_produto,visualizacoes_reviews,adicionou_carrinho,concluiu_compra,valor_pedido,cupom_usado,margem_percentual,ticket_medio_calculado,taxa_conversao_registrada,prob_adicao_carrinho_prevista,score_qualidade_visita,categoria_produto,uf_cliente,tipo_usuario,canal_aquisicao,conversao_final
106205,2025-04-26T14:00:00.000000000,26:30:00,terca,Email,mob,3.11,78.71,16,1,0,74.29,Não,33.89,117.05,-0.7,1.16,97.11,beleza,RS,recorrente,SEO,0
118870,2025-02-13T10:00:00.000000000,12:00,terca,Paid,mob,1.61,80.21,5,1,1,372.23,sim,53.84,361.13,137.24,1.9,11.94,eletronico,PE,Novo,SEO,1
113931,2025-04-12T09:00:00.000000000,12:00,doming,seo,Desktop,5.38,52.37,6,0,0,382.6,0,24.18,342.31,74.21,0.74,12.35,BELEZA,PR,recorrente,Direct,0
107188,2025-01-11T11:00:00.000000000,12:00,doming,Dirct,MOBILE,4.66,124.44,2,1,1,470.48,sim,24.34,498.68,101.6,0.92,18.66,casa,SC,recorrente,Ads,1
102697,2025-02-04T16:00:00.000000000,99:13:00,seg,paid,desk,4.4,68.63,20,0,0,114.34,nao,18.29,118.38,44.97,0.01,4.44,BELEZA,BA,REC,Social,0
115696,2025-01-19T07:00:00.000000000,12:00,seg,insta,mobile,3.34,78.91,2,1,1,138.41,nao,12.42,165.73,60.12,1.36,38.03,casa,SP,recorrente,Direct,1
107971,2025-03-08T16:00:00.000000000,12:00,2feira,insta,desktop,6.77,23.99,19,0,0,312.6,SIM,46.03,236.39,73.6,1.99,82.51,moda,PR,novo,SEO,0
111825,2025-02-14T03:00:00.000000000,12:00,seg,email,MOBILE,4.64,103.56,14,0,0,302.21,sim,17.25,319.5,47.02,-0.34,92.04,casa,RJ,recorrente,Email,0
112390,2025-01-27T11:00:00.000000000,12:00,terca,Dirct,cel,1.88,101.52,14,1,1,256.51,0,02.09,301.15,58.16,01.07,28.54,eletronicos,SC,recorrente,Email,1
105886,2025-04-10T09:00:00.000000000,12:00,seg,email,desk,4.79,17.93,20,0,0,219.78,0,14.63,229.88,101.28,-0.22,89.57,moda,PE,novo,Social,0
107311,2025-04-12T22:00:00.000000000,12:00,terca,Email,Desktop,6.31,29.19,14,1,1,155.82,Não,37.45,104.52,84.59,1.58,23.52,moda,RS,REC,Direct,0
118454,2025-01-27T23:00:00.000000000,12:00,2feira,Direct,desktop,3.81,76.99,2,1,1,296.86,0,7.8,345.64,18.68,0.69,20.49,eletronicos,PE,novo,Social,1
115512,2025-02-02T16:00:00.000000000,12:00,doming,ORGANIC,MOBILE,3.91,53.58,6,1,1,0.0,0,46.97,46.89,19.28,1.9,45.21,casa,MG,recorrente,Ads,0
117386,2025-04-04T03:00:00.000000000,26:30:00,2feira,Email,Desktop,4.95,23.39,0,0,1,241.24,nao,36.96,176.51,-11.71,0.96,69.15,eletronicos,SP,novo,Email,0
102694,2025-03-14T21:00:00.000000000,99:13:00,doming,Paid,desk,5.55,67.58,17,1,1,385.29,1,27.04,316.08,-12.08,0.74,81.26,eletronicos,SP,recorrente,Email,0
107282,2025-01-10T19:00:00.000000000,12:00,seg,email,MOBILE,4.95,89.62,0,1,1,173.78,cupom,14.86,135.05,60.09,1.41,52.9,eletronicos,RS,recorrente,Ads,1
101474,2025-03-01T07:00:00.000000000,12:00,terca,Direct,MOBILE,3.36,60.43,7,0,1,261.36,1,15.09,271.4,124.48,0.14,2.93,eletronico,RJ,recorrente,Social,0
119463,2025-04-10T22:00:00.000000000,12:00,seg,email,desk,5.36,42.29,8,0,1,604.04,cupom,35.95,574.47,25.58,0.68,47.47,BELEZA,RS,recorrente,Ads,0
113273,2025-04-20T10:00:00.000000000,12:00,terca,seo,mobile,3.61,77.12,9,0,1,118.66,sim,29.64,83.62,3.38,1.18,1.89,eletronico,PE,REC,Direct,0
104490,2025-03-27T02:00:00.000000000,12:00,2feira,Email,mob,3.51,52.11,2,1,0,220.39,1,18.43,143.02,43.98,1.98,72.91,casa,RJ,recorrente,SEO,1
116288,2025-01-22T05:00:00.000000000,26:30:00,doming,Paid,Desktop,6.47,48.27,9,0,1,323.86,1,0.74,337.82,142.64,1.21,59.12,eletronico,BA,novo,Direct,0
116109,2025-01-11T12:00:00.000000000,12:00,2feira,Social,cel,3.4,78.38,4,1,0,493.84,0,31.9,562.36,115.92,1.69,58.47,beleza,SC,novo,Ads,1
106417,2025-04-17T03:00:00.000000000,99:13:00,terca,Email,desktop,2.39,118.62,9,1,0,413.55,Não,4.16,403.23,31.62,1.73,27.84,moda,RS,recorrente,Social,1
113617,2025-01-06T01:00:00.000000000,12:00,2feira,paid,Desktop,5.1,116.4,8,0,1,490.53,sim,31.49,563.24,77.87,01.09,96.88,casa,SP,recorrente,SEO,0
102021,2025-01-27T21:00:00.000000000,12:00,doming,email,Desktop,2.18,70.52,0,0,1,422.23,SIM,19.99,395.99,119.24,1.68,49.78,beleza,SC,recorrente,Social,0
109421,2025-01-30T22:00:00.000000000,12:00,seg,Dirct,Desktop,6.3,50.53,9,1,1,198.21,1,19.97,321.22,118.79,0.97,94.45,BELEZA,SP,novo,SEO,0
111089,2025-02-28T00:00:00.000000000,99:13:00,seg,Paid,Desktop,4.21,64.04,5,1,0,220.61,cupom,20.51,139.45,94.66,1.67,68.78,BELEZA,SC,novo,SEO,1
100616,2025-01-22T08:00:00.000000000,12:00,2feira,Paid,desktop,06.07,74.17,12,0,0,289.89,0,12.2,319.2,72.51,0.29,6.49,casa,MG,novo,Email,0
115203,2025-04-19T01:00:00.000000000,12:00,doming,Dirct,cel,04.04,90.4,13,0,0,331.32,sim,21.75,302.48,23.0,1.29,23.69,moda,PE,recorrente,SEO,0
117895,2025-03-19T01:00:00.000000000,12:00,doming,insta,mob,1.99,54.34,16,0,0,466.98,1,33.1,495.74,57.41,1.9,60.24,casa,MG,novo,Social,0
114119,2025-02-08T03:00:00.000000000,12:00,seg,ORGANIC,desk,1.65,61.1,3,1,0,240.99,sim,26.82,132.02,9.54,-0.43,70.66,BELEZA,MG,novo,Ads,1
111472,2025-02-26T01:00:00.000000000,26:30:00,doming,paid,Desktop,2.16,75.88,8,0,0,350.67,nao,32.69,333.73,40.36,-0.03,51.73,eletronicos,SP,REC,Ads,0
119582,2025-01-20T02:00:00.000000000,12:00,doming,Dirct,Desktop,6.26,21.38,15,1,0,425.99,nao,22.71,480.95,89.74,1.68,72.26,moda,PE,Novo,Ads,0
107806,2025-03-10T05:00:00.000000000,12:00,doming,Direct,cel,03.02,60.81,17,0,0,62.47,SIM,24.21,103.52,-19.96,1.22,27.56,BELEZA,PE,novo,Ads,0
108295,2025-04-13T20:00:00.000000000,12:00,2feira,seo,mobile,5.74,73.64,8,0,0,345.23,Não,11.36,384.53,111.24,1.15,42.62,casa,RJ,REC,Direct,0
107093,2025-02-03T22:00:00.000000000,12:00,doming,paid,mobile,6.15,93.97,7,0,1,310.18,sim,5.83,350.2,129.76,-0.2,64.34,eletronicos,PE,novo,SEO,0
109136,2025-03-01T18:00:00.000000000,12:00,seg,Email,mob,0.65,73.22,18,0,1,243.27,0,52.56,202.73,51.36,-0.09,98.47,beleza,RJ,Novo,Direct,0
113039,2025-04-27T11:00:00.000000000,12:00,seg,Email,mobile,3.12,37.68,12,0,1,224.64,Não,30.27,222.89,85.78,-0.85,65.6,casa,RS,Novo,Email,0
109876,2025-02-24T07:00:00.000000000,12:00,2feira,Dirct,desk,3.69,10.98,16,0,0,27.27,1,42.29,88.28,64.29,-0.25,38.75,moda,RS,REC,Ads,0
106940,2025-01-13T03:00:00.000000000,12:00,terca,Direct,Desktop,6.85,27.39,3,0,0,78.51,0,17.95,-24.92,59.03,-0.58,20.23,beleza,PR,recorrente,SEO,0
112147,2025-02-10T16:00:00.000000000,12:00,seg,Email,MOBILE,7.12,3.36,3,1,0,289.99,0,50.73,356.0,36.45,-0.8,84.15,eletronicos,RS,Novo,SEO,0
110151,2025-03-20T22:00:00.000000000,12:00,doming,seo,mobile,2.5,12.41,10,0,0,192.93,Não,53.87,256.47,48.3,-0.98,59.71,BELEZA,PE,novo,Email,0
101191,2025-01-05T22:00:00.000000000,99:13:00,2feira,email,mobile,5.28,27.59,12,1,1,449.5,0,17.16,431.09,122.29,1.44,54.09,casa,SP,novo,SEO,0
107418,2025-03-05T06:00:00.000000000,12:00,2feira,Paid,mob,4.63,35.18,15,1,1,160.38,Não,37.99,163.37,100.57,-0.82,51.56,eletronico,RJ,Novo,Ads,1
106982,2025-02-22T15:00:00.000000000,12:00,doming,Paid,desktop,1.75,79.94,14,0,1,173.2,0,-2.19,188.02,-1.4,01.05,11.84,BELEZA,SC,novo,SEO,0
101104,2025-04-28T20:00:00.000000000,12:00,seg,Social,desk,6.16,47.53,7,1,1,433.54,nao,18.8,396.55,108.71,-0.05,85.25,eletronicos,RJ,recorrente,SEO,0
100671,2025-04-04T17:00:00.000000000,12:00,2feira,Dirct,mob,7.36,50.26,4,1,0,287.16,sim,24.36,233.83,100.49,-0.14,7.98,BELEZA,PR,novo,SEO,0
105008,2025-04-24T16:00:00.000000000,12:00,terca,Paid,MOBILE,1.85,63.79,6,1,0,425.43,sim,32.31,413.05,93.44,-0.72,21.84,BELEZA,PR,Novo,Social,1
104950,2025-01-11T05:00:00.000000000,12:00,seg,seo,MOBILE,5.27,24.29,5,1,0,189.82,Não,,266.72,44.15,0.83,72.12,eletronicos,PR,recorrente,Direct,0
116819,2025-02-27T02:00:00.000000000,99:13:00,seg,ORGANIC,cel,2.57,4.68,0,1,1,149.24,0,21.13,42.46,122.37,1.51,47.81,BELEZA,PR,Novo,SEO,1
117877,2025-03-21T17:00:00.000000000,12:00,2feira,Social,MOBILE,06.09,30.34,13,0,1,474.34,0,32.65,502.82,110.93,-0.24,54.42,moda,RJ,novo,Ads,0
116363,2025-02-23T07:00:00.000000000,26:30:00,doming,Email,Desktop,6.16,14.14,8,0,0,410.53,nao,23.96,527.73,145.54,0.64,76.57,moda,PE,recorrente,Social,0
109446,2025-02-17T23:00:00.000000000,12:00,seg,insta,desk,3.25,118.72,10,1,1,125.02,sim,56.8,128.79,99.13,1.96,98.48,eletronico,SP,recorrente,SEO,1
113346,2025-02-12T10:00:00.000000000,12:00,seg,Direct,desk,3.59,118.64,15,0,1,172.33,sim,0.86,168.49,96.46,0.99,78.54,eletronicos,PR,REC,Ads,0
113393,2025-01-02T22:00:00.000000000,12:00,seg,paid,mob,7.17,55.1,0,0,1,627.7,cupom,18.91,576.35,43.17,0.39,21.51,eletronico,BA,novo,Social,0
109411,1899-01-01,12:00,terca,ORGANIC,cel,3.55,73.44,13,0,1,332.6,0,27.25,266.46,20.82,-0.73,92.32,eletronico,BA,recorrente,Direct,0
108388,2025-04-25T19:00:00.000000000,26:30:00,terca,ORGANIC,mobile,06.08,119.73,16,1,0,661.6,nao,27.31,619.91,105.88,1.15,29.52,moda,PE,REC,Ads,0
119396,2025-03-23T04:00:00.000000000,12:00,terca,Email,desktop,0.44,118.08,15,1,0,323.01,nao,-11.11,346.9,108.21,-0.46,11.27,casa,SP,novo,Direct,1
109093,2025-01-13T12:00:00.000000000,12:00,seg,email,Desktop,0.97,102.49,14,0,1,300.44,sim,11.5,246.93,111.34,0.68,27.81,BELEZA,RS,novo,Email,0
116805,2025-04-16T13:00:00.000000000,12:00,2feira,ORGANIC,cel,06.06,90.83,11,1,0,375.79,0,33.88,412.38,28.67,-0.97,04.01,beleza,BA,Novo,Social,0
107955,2025-04-04T08:00:00.000000000,12:00,terca,Email,desktop,4.4,107.86,15,0,0,508.23,sim,30.11,463.06,149.19,1.95,65.97,BELEZA,RJ,recorrente,Email,0
104901,2025-02-26T16:00:00.000000000,12:00,doming,email,cel,3.3,16.11,19,0,0,305.52,1,-9.67,310.89,89.02,1.8,19.66,moda,SP,REC,Direct,0
117160,2025-02-01T19:00:00.000000000,12:00,doming,email,MOBILE,1.67,23.36,16,1,1,271.14,nao,18.32,311.14,97.18,1.34,74.54,casa,PE,recorrente,Direct,1
111350,2025-04-20T05:00:00.000000000,12:00,seg,ORGANIC,Desktop,4.3,26.8,7,0,1,266.92,nao,29.4,240.34,134.6,0.65,87.97,moda,MG,REC,Email,0
111647,2025-03-27T11:00:00.000000000,12:00,doming,ORGANIC,desktop,1.17,78.26,4,0,1,254.59,cupom,23.16,280.15,134.14,0.56,39.77,eletronico,BA,novo,Email,0
119119,2025-01-30T04:00:00.000000000,26:30:00,seg,ORGANIC,mobile,3.51,22.43,6,0,0,361.71,cupom,18.82,311.32,18.39,-0.04,10.11,moda,MG,novo,Ads,0
101859,2025-01-25T17:00:00.000000000,12:00,terca,Dirct,MOBILE,5.16,41.61,7,1,1,520.02,Não,-9.36,481.47,92.43,1.73,10.71,beleza,PE,Novo,Ads,0
115712,2025-02-01T19:00:00.000000000,99:13:00,seg,Email,desk,3.25,59.26,18,1,0,384.23,1,05.04,400.33,111.15,1.11,64.17,casa,SC,REC,Ads,1
104338,2025-01-26T10:00:00.000000000,12:00,doming,Social,MOBILE,0.64,56.74,0,0,1,217.93,0,17.84,293.76,63.82,0.87,42.56,BELEZA,RS,Novo,SEO,0
107387,2025-04-24T16:00:00.000000000,26:30:00,terca,Paid,MOBILE,60.0,15.4,3,0,0,266.84,0,43.44,180.41,50.78,-0.32,72.24,eletronico,MG,recorrente,Social,0
116689,2025-02-18T18:00:00.000000000,12:00,terca,Direct,MOBILE,2.86,50.57,19,0,1,198.09,1,13.79,226.31,110.02,0.33,62.46,eletronicos,PE,novo,Social,0
109398,2025-04-20T10:00:00.000000000,12:00,doming,Email,desktop,,96.18,7,1,1,296.32,0,25.03,169.07,68.55,0.56,94.68,beleza,RS,novo,Direct,0
103597,2025-01-24T23:00:00.000000000,26:30:00,2feira,ORGANIC,Desktop,0.0,84.16,7,1,0,91.96,nao,10.51,57.64,-1.03,0.06,4.66,moda,RJ,novo,Email,0
110356,2025-03-02T23:00:00.000000000,12:00,2feira,Dirct,mob,2.32,59.21,20,1,1,420.3,0,24.64,353.17,38.67,-0.7,12.54,beleza,RS,novo,Ads,1
115198,2025-04-12T09:00:00.000000000,12:00,doming,Dirct,Desktop,2.48,51.54,9,1,0,326.88,nao,43.98,292.71,15.2,-0.86,42.49,beleza,RJ,novo,Social,1
118037,2025-03-07T13:00:00.000000000,12:00,terca,Email,desktop,03.01,118.33,19,0,1,237.04,cupom,21.29,203.67,129.94,1.14,86.35,casa,BA,novo,Social,0
101815,2025-01-18T07:00:00.000000000,12:00,seg,Email,mobile,2.18,126.79,11,1,1,290.74,sim,22.02,199.07,87.33,-0.33,88.95,BELEZA,SP,REC,Ads,1
114285,2025-02-12T01:00:00.000000000,12:00,terca,Direct,cel,6.41,19.21,9,1,1,293.99,0,41.28,350.42,66.27,-0.62,37.2,BELEZA,RS,recorrente,Email,0
115749,2025-04-27T00:00:00.000000000,12:00,seg,paid,cel,2.4,34.33,1,0,0,325.71,1,10.15,346.47,-2.31,1.16,82.72,BELEZA,MG,recorrente,Email,0
107962,2025-01-04T09:00:00.000000000,12:00,doming,ORGANIC,desk,1.29,38.93,9,0,0,313.86,1,24.97,280.84,76.02,0.31,95.45,moda,SC,Novo,Social,0
104540,2025-02-01T07:00:00.000000000,12:00,terca,Direct,mobile,5.87,83.54,14,1,1,443.15,0,13.02,523.45,119.06,-0.03,93.94,BELEZA,BA,REC,Email,0
109240,2025-02-14T14:00:00.000000000,12:00,2feira,Direct,Desktop,2.32,58.71,17,0,1,418.11,sim,38.62,460.9,-8.25,-0.98,23.08,casa,SP,REC,Email,0
103506,2025-01-26T18:00:00.000000000,12:00,terca,paid,desk,6.73,46.05,10,0,0,3.8,SIM,20.21,18.83,76.23,-0.28,0.87,eletronico,BA,novo,Social,0
101846,2025-04-28T06:00:00.000000000,12:00,2feira,paid,desktop,5.2,125.27,8,1,0,339.36,1,41.32,357.95,114.48,-0.93,28.86,casa,RJ,recorrente,Direct,0
105073,2025-03-20T13:00:00.000000000,12:00,terca,seo,desk,2.88,78.17,4,1,1,624.67,sim,51.77,593.77,-13.39,-0.93,16.68,eletronico,BA,novo,Social,1
109840,2025-03-02T11:00:00.000000000,12:00,doming,Paid,Desktop,3.96,25.64,0,1,0,209.93,SIM,12.56,222.73,144.02,0.38,73.14,casa,BA,recorrente,SEO,1
112898,2025-01-24T01:00:00.000000000,12:00,doming,Email,mob,1.71,59.95,3,0,1,355.67,Não,44.07,260.51,56.99,-0.3,30.51,casa,PR,recorrente,Ads,0
104580,2025-04-07T02:00:00.000000000,12:00,seg,seo,desktop,1.5,54.4,4,0,1,237.0,cupom,44.94,241.58,80.85,-0.31,14.21,eletronico,SP,recorrente,Direct,0
105562,2025-01-16T18:00:00.000000000,12:00,terca,paid,desktop,06.01,119.78,6,0,1,62.96,0,21.92,67.63,92.05,0.05,29.46,beleza,SC,recorrente,Email,0
101862,2025-01-20T03:00:00.000000000,12:00,doming,Social,cel,03.07,17.32,20,1,0,477.7,SIM,13.0,492.77,121.42,0.46,74.14,BELEZA,MG,novo,Direct,1
109807,2025-02-21T02:00:00.000000000,12:00,seg,paid,desktop,3.44,57.35,0,0,1,406.57,1,41.58,386.21,48.94,0.58,2.34,BELEZA,BA,REC,SEO,0
101825,1899-01-01,12:00,doming,ORGANIC,mob,2.82,66.88,17,0,0,23.19,SIM,25.5,-9.84,-2.87,0.91,97.54,BELEZA,PE,recorrente,Ads,0
106266,2025-04-07T12:00:00.000000000,12:00,terca,Direct,cel,04.06,108.42,12,1,0,261.3,sim,19.3,228.17,115.43,0.62,8.66,moda,BA,REC,Direct,1
104316,2025-03-12T06:00:00.000000000,12:00,terca,paid,cel,3.23,59.6,17,1,0,376.68,nao,29.53,523.14,7.57,0.23,0.44,moda,MG,recorrente,SEO,1
100060,2025-02-28T02:00:00.000000000,12:00,terca,Email,mob,3.95,90.33,14,0,0,391.06,SIM,22.16,450.55,81.81,1.91,26.26,beleza,RJ,novo,Ads,0
113982,2025-04-28T10:00:00.000000000,12:00,seg,insta,mobile,3.95,91.32,14,0,1,85.92,1,28.71,128.75,-13.63,0.53,19.01,BELEZA,RS,Novo,Social,0
100537,2025-01-27T21:00:00.000000000,12:00,seg,Direct,Desktop,6.53,9.94,19,0,1,400.68,cupom,40.07,364.79,8.23,1.41,40.59,eletronicos,SP,Novo,Email,0
103583,2025-02-07T02:00:00.000000000,12:00,seg,Paid,MOBILE,2.92,35.76,5,0,0,320.89,Não,32.3,350.09,124.5,-0.32,28.47,eletronicos,MG,REC,Ads,0
107657,2025-04-14T20:00:00.000000000,12:00,terca,ORGANIC,mob,3.7,33.13,9,0,0,93.79,0,14.55,83.55,105.27,-0.3,87.62,beleza,PR,REC,Ads,0
111367,2025-02-25T12:00:00.000000000,12:00,doming,Email,mobile,4.16,61.92,13,0,1,260.03,Não,28.44,179.69,-17.4,-0.57,82.33,moda,BA,Novo,Direct,0
119652,2025-04-04T20:00:00.000000000,12:00,terca,Social,MOBILE,02.05,5.62,19,0,1,394.79,Não,10.83,445.87,94.65,-0.4,98.53,eletronicos,RJ,novo,SEO,0
112052,2025-02-02T07:00:00.000000000,12:00,seg,Paid,cel,4.91,73.53,20,1,1,443.23,sim,5.45,381.65,32.6,-0.31,45.23,eletronico,PE,REC,Email,1
106427,2025-02-27T16:00:00.000000000,12:00,doming,Email,desktop,3.7,44.23,5,0,1,274.14,cupom,28.04,239.0,96.69,-0.2,96.37,eletronico,RS,novo,Ads,0
119325,2025-03-29T18:00:00.000000000,12:00,doming,ORGANIC,mobile,2.78,65.97,12,1,1,503.6,1,37.48,531.32,131.68,0.43,69.21,BELEZA,BA,novo,Direct,1
114654,2025-03-29T20:00:00.000000000,12:00,seg,paid,desktop,2.38,34.06,19,0,1,10000.0,cupom,-2.9,9998.27,3.46,1.86,76.79,beleza,RJ,novo,Email,0
109163,2025-01-09T03:00:00.000000000,12:00,doming,Direct,mob,,69.96,6,1,0,355.0,sim,43.2,202.54,-10.77,0.4,25.0,casa,RS,Novo,Social,0
108071,2025-04-23T12:00:00.000000000,12:00,seg,Paid,Desktop,4.36,68.1,18,0,1,420.12,cupom,60.87,334.25,41.84,0.47,52.79,casa,SP,Novo,Email,0
115490,2025-03-29T01:00:00.000000000,12:00,terca,ORGANIC,Desktop,4.76,0.21,7,0,0,161.87,1,51.96,61.77,102.85,0.74,71.01,moda,SC,REC,Email,0
100787,2025-02-06T04:00:00.000000000,12:00,2feira,Social,mob,5.36,46.82,18,0,1,312.93,SIM,-23.69,410.29,95.01,0.51,69.54,beleza,PR,Novo,Ads,0
100697,2025-04-10T07:00:00.000000000,12:00,seg,Dirct,mob,3.31,77.68,7,0,1,131.52,Não,34.98,117.73,49.15,-0.95,97.69,eletronicos,BA,recorrente,Email,0
100459,2025-02-03T18:00:00.000000000,12:00,terca,Email,MOBILE,6.61,139.32,0,0,0,75.54,nao,28.14,46.93,36.22,-0.65,95.38,eletronico,MG,REC,Social,0
112892,2025-01-30T12:00:00.000000000,12:00,seg,insta,mob,4.18,30.06,19,1,1,203.94,SIM,37.98,232.54,133.37,1.54,42.42,eletronico,SP,Novo,Direct,1
108487,2025-02-01T21:00:00.000000000,12:00,doming,Direct,mob,6.14,57.84,17,1,1,189.43,sim,46.37,193.4,124.24,0.59,54.17,BELEZA,MG,novo,Social,0
119606,2025-02-12T16:00:00.000000000,12:00,terca,Direct,Desktop,3.33,21.88,0,0,0,289.04,1,29.72,244.8,30.61,0.7,9.92,moda,RS,novo,Ads,0
112515,2025-01-01T19:00:00.000000000,12:00,terca,ORGANIC,desk,6.21,76.98,16,0,0,379.15,1,,467.35,108.96,0.35,91.38,moda,PE,Novo,Direct,0
100947,2025-02-11T03:00:00.000000000,99:13:00,2feira,Direct,desk,4.12,0.88,16,0,1,288.85,nao,14.9,394.82,113.17,0.61,36.21,BELEZA,RJ,REC,Ads,0
118487,2025-04-02T19:00:00.000000000,12:00,seg,Paid,desktop,2.56,29.86,11,1,0,200.11,cupom,27.53,222.37,55.77,0.9,47.39,beleza,SP,novo,Email,1
118152,2025-04-15T07:00:00.000000000,12:00,doming,Social,desk,3.19,59.27,9,1,1,333.75,nao,28.49,280.65,135.86,1.27,94.85,moda,PE,Novo,Email,1
105001,2025-04-01T19:00:00.000000000,12:00,doming,paid,mobile,4.46,54.44,9,0,0,158.6,Não,36.58,196.14,-11.97,-0.29,16.22,casa,RS,novo,Social,0
103115,2025-01-19T13:00:00.000000000,26:30:00,terca,seo,mob,0.74,39.22,6,0,1,295.27,Não,27.09,316.47,97.6,0.5,47.44,beleza,SC,recorrente,Social,0
102421,2025-02-21T19:00:00.000000000,12:00,seg,insta,mob,4.45,38.57,7,0,1,476.27,Não,48.18,518.0,39.76,1.75,61.33,moda,SP,recorrente,Email,0
113504,2025-04-19T20:00:00.000000000,12:00,seg,Direct,cel,0.09,26.85,4,1,1,282.51,cupom,11.0,359.25,46.29,0.74,43.96,beleza,PR,REC,Ads,1
101543,2025-04-12T08:00:00.000000000,12:00,terca,Paid,desk,4.38,0.0,8,1,1,9.11,SIM,16.39,33.62,115.99,1.53,68.61,casa,RS,recorrente,Social,0
100505,2025-01-12T00:00:00.000000000,12:00,doming,Direct,desk,2.36,54.16,19,0,1,64.14,1,,111.74,51.7,01.05,98.46,eletronico,SP,Novo,Ads,0
106563,2025-01-16T20:00:00.000000000,12:00,seg,paid,desktop,1.56,0.47,16,0,1,428.02,0,31.5,455.87,96.59,0.03,18.87,beleza,PR,recorrente,Social,0
101229,2025-01-05T09:00:00.000000000,99:13:00,2feira,ORGANIC,mobile,2.87,73.07,8,1,1,401.08,0,57.03,361.18,120.29,1.97,67.82,eletronicos,PE,Novo,Direct,1
104234,2025-04-24T13:00:00.000000000,12:00,2feira,email,mobile,6.53,75.65,0,1,0,293.9,SIM,10.91,255.62,74.95,0.79,81.37,eletronico,SC,novo,Direct,0
102693,2025-04-07T15:00:00.000000000,12:00,terca,Dirct,MOBILE,7.37,107.54,20,1,0,461.18,1,-3.87,415.93,8.91,-0.8,7.89,eletronico,SC,Novo,SEO,0
117725,2025-03-29T08:00:00.000000000,12:00,2feira,insta,desk,3.29,126.09,1,1,0,363.21,sim,20.36,343.03,62.0,-0.34,9.19,moda,SC,recorrente,Social,1
118026,2025-01-08T18:00:00.000000000,12:00,2feira,email,desktop,6.86,56.95,9,1,0,385.38,SIM,43.45,318.7,91.9,-0.33,65.31,BELEZA,PR,REC,SEO,0
103444,2025-01-06T02:00:00.000000000,12:00,2feira,seo,Desktop,4.63,112.76,0,0,0,171.35,nao,13.6,170.65,-19.85,0.22,14.09,beleza,SP,recorrente,Direct,0
115657,2025-03-09T15:00:00.000000000,12:00,seg,Social,cel,7.46,69.15,20,0,1,476.48,nao,10.08,552.94,106.31,-0.61,12.31,eletronico,PR,REC,SEO,0
101752,2025-01-21T16:00:00.000000000,99:13:00,doming,Direct,MOBILE,4.23,82.13,19,0,0,583.36,0,35.14,563.68,132.2,1.17,4.76,eletronico,RS,novo,SEO,0
113235,2025-03-03T15:00:00.000000000,12:00,seg,Paid,desk,5.49,39.68,12,0,1,534.92,Não,27.35,559.24,-8.53,-0.5,34.52,eletronico,BA,recorrente,Social,0
118489,2025-01-12T16:00:00.000000000,12:00,doming,Social,Desktop,02.03,57.39,10,0,1,333.18,cupom,28.9,308.23,109.68,-0.27,84.3,moda,PR,novo,Direct,0
112989,2025-04-16T10:00:00.000000000,12:00,seg,ORGANIC,MOBILE,6.55,44.15,6,1,0,359.84,0,,325.34,-0.07,1.23,92.12,beleza,MG,Novo,SEO,0
104583,2025-03-21T10:00:00.000000000,12:00,2feira,paid,mob,5.8,22.97,5,0,1,483.76,sim,4.22,484.33,26.84,-0.39,78.08,BELEZA,SC,recorrente,Direct,0
105875,2025-03-22T06:00:00.000000000,12:00,terca,Direct,mobile,6.45,46.01,17,1,1,261.02,nao,61.45,255.98,10.49,1.62,52.38,eletronico,PR,novo,Ads,0
118067,2025-04-04T01:00:00.000000000,12:00,seg,Dirct,mobile,7.31,3.59,0,1,1,445.95,1,14.8,359.55,52.02,1.25,61.04,moda,SC,novo,Email,0
110562,2025-04-27T21:00:00.000000000,12:00,terca,paid,MOBILE,3.49,69.3,6,1,0,202.72,SIM,42.57,176.89,16.18,-0.26,66.26,casa,RS,REC,Ads,1
101253,2025-04-05T17:00:00.000000000,12:00,seg,email,Desktop,,39.92,11,0,0,516.98,sim,-0.69,492.8,93.96,0.27,2.47,beleza,SC,recorrente,Ads,0
109637,2025-03-23T03:00:00.000000000,26:30:00,seg,Social,MOBILE,0.44,63.75,17,0,1,501.74,0,15.89,516.93,113.31,-0.42,10.32,BELEZA,PE,REC,Direct,0
110335,2025-01-27T04:00:00.000000000,12:00,terca,ORGANIC,cel,2.38,11.29,7,0,0,528.63,1,0.01,507.0,51.92,-0.94,63.2,beleza,PE,novo,Ads,0
119022,2025-02-09T19:00:00.000000000,12:00,seg,Social,desk,1.7,21.42,14,1,1,388.66,1,3.66,301.01,104.87,1.3,68.25,moda,BA,recorrente,SEO,1
117597,2025-02-16T17:00:00.000000000,99:13:00,seg,Direct,desk,5.77,46.78,8,1,0,143.82,cupom,1.38,103.3,12.24,1.5,76.59,eletronicos,RJ,REC,Ads,0
109084,2025-04-22T14:00:00.000000000,12:00,seg,Social,desktop,5.32,72.35,7,0,0,357.5,nao,33.58,294.49,75.06,0.82,80.93,casa,BA,REC,Ads,0
105577,2025-03-23T11:00:00.000000000,12:00,terca,seo,mob,4.97,15.64,19,0,1,351.96,nao,22.6,321.25,-12.65,1.47,66.58,casa,RJ,REC,SEO,0
114938,2025-01-10T09:00:00.000000000,12:00,terca,Dirct,MOBILE,4.54,52.84,11,1,0,288.61,0,31.22,291.43,78.47,0.18,37.23,beleza,RJ,recorrente,Ads,1
118016,2025-03-19T09:00:00.000000000,12:00,doming,ORGANIC,mob,8.26,97.78,17,1,0,305.77,sim,30.91,243.18,101.18,1.2,83.2,BELEZA,RS,Novo,Social,0
107173,2025-03-23T05:00:00.000000000,12:00,terca,ORGANIC,cel,5.95,52.84,9,0,1,619.01,Não,03.01,629.07,123.92,-0.44,94.59,beleza,MG,REC,Social,0
102776,2025-04-21T01:00:00.000000000,26:30:00,seg,seo,mobile,3.18,0.0,0,0,1,374.05,1,19.79,456.74,16.88,0.16,17.54,beleza,PR,novo,Direct,0
118508,2025-01-13T21:00:00.000000000,12:00,seg,seo,mobile,7.69,55.4,1,1,1,473.57,0,-0.93,466.25,80.52,0.44,51.77,eletronicos,SC,Novo,Email,0
104417,2025-01-10T11:00:00.000000000,99:13:00,doming,paid,desktop,7.68,104.38,10,0,1,402.02,0,49.82,390.52,72.94,-0.34,44.18,BELEZA,PE,REC,Ads,0
117047,2025-01-22T08:00:00.000000000,12:00,terca,ORGANIC,cel,5.99,89.84,20,1,0,226.51,nao,35.36,189.29,-8.23,01.06,64.94,moda,BA,Novo,Email,0
118928,2025-03-21T16:00:00.000000000,12:00,terca,Dirct,desktop,0.24,107.19,19,0,1,370.44,0,22.02,385.14,83.55,1.87,95.93,beleza,RJ,Novo,Ads,0
119837,2025-02-15T23:00:00.000000000,12:00,2feira,Direct,cel,2.41,54.35,2,1,0,278.23,1,-3.58,323.97,-18.8,1.95,16.9,eletronico,RJ,Novo,SEO,1
115500,2025-03-10T16:00:00.000000000,12:00,terca,paid,desktop,5.17,49.04,3,0,1,450.81,Não,41.56,471.25,64.16,-0.53,54.0,casa,PR,novo,Direct,0
104540,2025-03-01T11:00:00.000000000,26:30:00,terca,Email,mobile,3.58,59.65,10,0,1,198.88,0,13.22,181.82,41.96,0.19,68.97,eletronicos,SP,novo,Ads,0
106431,2025-04-03T18:00:00.000000000,26:30:00,seg,ORGANIC,cel,0.99,11.54,19,0,0,144.17,1,4.77,253.32,109.34,0.95,81.13,eletronicos,PE,novo,Direct,0
117407,2025-01-07T09:00:00.000000000,12:00,2feira,seo,Desktop,4.5,14.23,100,1,1,311.32,1,-3.73,354.96,-18.48,1.68,74.02,beleza,RJ,novo,Direct,1
106715,2025-04-16T08:00:00.000000000,12:00,2feira,Paid,desk,2.76,93.58,4,0,0,345.29,nao,49.73,348.14,23.17,-0.37,1.44,casa,RJ,novo,Ads,0
109539,1899-01-01,12:00,seg,insta,desk,4.79,38.73,16,0,1,242.25,0,40.46,157.59,60.23,-0.96,77.36,moda,MG,Novo,SEO,0
113195,2025-03-27T21:00:00.000000000,99:13:00,doming,Email,cel,4.81,14.74,15,1,1,248.61,0,16.87,282.31,84.71,0.41,0.56,eletronico,BA,novo,Email,1
110187,2025-03-05T22:00:00.000000000,12:00,terca,Direct,MOBILE,7.22,45.9,6,0,1,331.05,sim,37.57,337.56,106.39,1.61,83.21,beleza,PE,Novo,SEO,0
116996,2025-04-26T12:00:00.000000000,12:00,doming,Email,Desktop,2.46,27.22,0,1,1,304.47,nao,-3.79,250.11,87.84,1.66,63.6,eletronicos,MG,Novo,SEO,1
110835,2025-02-03T04:00:00.000000000,12:00,terca,Direct,cel,6.42,11.51,14,1,1,264.46,sim,45.69,279.17,44.16,0.37,3.0,BELEZA,SC,novo,Social,0
112241,2025-04-05T22:00:00.000000000,12:00,terca,ORGANIC,mobile,2.35,5.8,0,1,1,439.24,sim,28.21,482.01,10.18,0.91,17.63,casa,PR,Novo,Social,1
101836,2025-02-18T08:00:00.000000000,12:00,2feira,email,desktop,6.36,94.78,5,0,0,333.59,cupom,51.97,444.64,46.09,-0.94,80.74,BELEZA,PR,novo,SEO,0
112821,2025-04-25T13:00:00.000000000,12:00,2feira,insta,mobile,5.27,116.26,0,1,0,444.01,nao,33.48,529.73,128.18,0.03,91.35,eletronico,SC,recorrente,Direct,0
117621,2025-04-03T19:00:00.000000000,12:00,doming,ORGANIC,mobile,5.1,51.37,10,0,1,389.29,SIM,13.81,336.0,128.89,0.87,75.88,moda,MG,novo,Direct,0
108803,2025-03-07T09:00:00.000000000,12:00,seg,seo,desk,4.53,68.31,5,0,1,,Não,-0.24,,-11.65,0.52,93.76,casa,PE,Novo,Email,0
112087,2025-01-23T16:00:00.000000000,12:00,terca,Email,cel,2.87,91.1,6,1,1,10000.0,1,42.38,10064.6,117.32,0.5,58.62,eletronico,RJ,novo,Ads,1
105845,2025-01-18T03:00:00.000000000,12:00,seg,email,mobile,05.03,38.81,10,1,0,454.83,Não,,498.2,31.65,0.57,0.79,eletronico,SC,REC,Ads,0
102106,2025-02-06T18:00:00.000000000,12:00,2feira,Paid,mob,5.33,68.74,14,1,0,344.0,0,38.4,325.87,-18.68,1.26,64.7,casa,RS,recorrente,Ads,0
108108,2025-04-20T12:00:00.000000000,12:00,terca,Social,MOBILE,6.67,4.67,16,1,1,563.54,nao,41.76,431.36,-13.58,01.09,31.49,casa,RJ,recorrente,Direct,0
114781,2025-02-02T20:00:00.000000000,12:00,terca,insta,mob,4.97,24.47,5,0,0,311.78,sim,9.86,296.95,102.44,-0.53,36.4,beleza,BA,Novo,Email,0
106431,2025-04-26T13:00:00.000000000,12:00,terca,Dirct,mob,5.15,23.87,14,1,1,276.59,sim,35.05,251.6,148.87,-0.65,81.82,beleza,BA,novo,Email,0
102268,2025-01-30T15:00:00.000000000,99:13:00,doming,seo,desk,02.01,99.56,14,1,0,160.02,Não,42.6,105.73,107.75,-0.83,44.56,eletronico,PE,novo,Direct,1
105694,2025-01-16T14:00:00.000000000,12:00,doming,insta,Desktop,0.67,50.65,0,1,1,26.69,nao,28.32,60.86,116.03,-0.77,54.19,eletronico,MG,recorrente,Email,0
107624,2025-01-05T10:00:00.000000000,12:00,seg,Email,desktop,4.48,3.9,13,1,0,162.71,nao,14.25,215.74,37.18,-0.99,92.76,moda,PE,REC,SEO,1
109329,2025-02-12T09:00:00.000000000,12:00,2feira,insta,desktop,8.84,72.16,2,0,0,549.92,1,-4.62,516.01,65.61,1.59,12.03,eletronicos,SC,REC,Email,0
113390,2025-04-24T21:00:00.000000000,12:00,2feira,Paid,mob,3.83,104.33,7,1,1,57.9,SIM,33.61,53.76,26.72,-0.87,3.67,moda,SC,Novo,SEO,0
102334,2025-03-23T19:00:00.000000000,12:00,seg,Social,mob,2.26,18.83,2,1,0,530.63,Não,19.98,504.58,23.58,1.8,65.69,beleza,MG,novo,Direct,1
109305,2025-03-02T13:00:00.000000000,12:00,seg,Email,mob,1.21,80.16,5,1,1,428.9,Não,11.0,477.55,131.91,-0.73,29.9,eletronico,RJ,novo,Email,1
115251,2025-01-14T00:00:00.000000000,12:00,seg,insta,desktop,5.24,143.37,9,1,1,14.78,0,14.96,104.92,123.56,0.81,63.81,beleza,RJ,novo,Social,0
101299,2025-02-08T22:00:00.000000000,12:00,terca,Email,desktop,02.06,42.23,18,0,0,200.22,SIM,20.98,185.69,-11.16,1.85,24.56,eletronicos,SP,REC,Ads,0
118413,2025-01-12T07:00:00.000000000,12:00,terca,Email,desktop,2.76,61.86,9,1,0,477.59,0,60.65,529.07,35.38,1.73,43.35,moda,RJ,Novo,Email,1
112445,2025-04-15T19:00:00.000000000,12:00,terca,email,desktop,4.58,27.72,17,1,0,490.48,Não,23.76,519.62,24.11,-0.84,86.17,eletronico,RS,REC,Email,1
110205,2025-01-28T23:00:00.000000000,12:00,terca,seo,desk,5.35,01.05,13,1,0,419.88,Não,41.6,363.91,119.47,1.18,64.2,beleza,PE,Novo,SEO,0
107334,2025-01-03T14:00:00.000000000,26:30:00,seg,insta,desk,7.85,02.01,19,1,0,357.23,SIM,11.43,308.4,140.65,-0.8,7.14,eletronicos,RS,Novo,Social,0
109013,2025-02-09T03:00:00.000000000,12:00,2feira,Direct,desk,6.54,95.26,10,0,0,467.21,1,49.2,493.28,103.11,-0.03,71.04,BELEZA,MG,recorrente,SEO,0
107626,2025-01-13T14:00:00.000000000,12:00,2feira,paid,mobile,5.46,76.6,14,0,1,373.82,1,25.18,270.43,45.25,1.82,47.46,BELEZA,RS,novo,Direct,0
113868,2025-04-05T08:00:00.000000000,12:00,seg,Direct,desktop,3.99,49.06,4,1,1,29.21,Não,31.36,9.53,149.31,1.35,27.92,eletronicos,SP,Novo,Direct,0
103259,2025-01-03T05:00:00.000000000,12:00,doming,Social,mobile,1.61,137.44,18,1,0,194.24,Não,15.53,233.05,10.44,1.58,40.5,BELEZA,PE,Novo,Ads,1
114393,2025-03-28T08:00:00.000000000,26:30:00,terca,Direct,mob,3.5,43.8,12,0,0,0.0,1,16.9,-78.64,101.98,0.59,27.26,beleza,RS,novo,Email,0
103678,2025-01-04T15:00:00.000000000,12:00,doming,seo,Desktop,5.95,63.58,2,1,1,261.19,sim,7.65,254.58,43.97,0.79,39.69,BELEZA,RS,novo,Direct,0
118849,2025-04-20T15:00:00.000000000,12:00,seg,insta,cel,0.52,89.74,13,0,0,546.16,SIM,37.73,472.53,111.43,1.52,76.51,BELEZA,SC,novo,Email,0
119861,2025-01-01T07:00:00.000000000,12:00,seg,email,cel,3.85,32.61,6,1,0,139.9,Não,42.22,154.18,115.12,-0.58,9.62,beleza,RJ,Novo,Direct,1
103725,2025-03-30T03:00:00.000000000,12:00,2feira,paid,mobile,7.1,18.12,13,0,1,25.34,SIM,37.1,-8.16,145.32,0.17,76.67,eletronico,PR,novo,Direct,0
112088,2025-03-14T10:00:00.000000000,12:00,seg,Email,mob,5.86,0.0,15,1,0,360.73,sim,25.39,399.8,43.99,-0.28,93.31,beleza,SP,Novo,Ads,0
116868,2026-15-99,26:30:00,2feira,Social,desktop,3.46,14.68,8,0,1,63.78,Não,28.47,29.65,48.33,0.24,87.32,eletronico,PE,recorrente,SEO,0
111748,2025-03-27T10:00:00.000000000,12:00,terca,Dirct,mobile,3.32,63.92,2,0,0,266.32,0,44.95,281.09,-16.82,1.81,17.25,eletronicos,SC,Novo,SEO,0
112257,2025-02-03T14:00:00.000000000,12:00,seg,email,desk,5.29,67.44,9,1,1,326.1,nao,150.0,288.77,29.73,0.12,92.43,eletronicos,SC,Novo,Social,0
115619,2025-02-12T03:00:00.000000000,12:00,doming,Paid,desk,3.52,34.26,13,1,1,529.19,1,18.82,528.28,91.11,-0.09,12.88,casa,PE,recorrente,Email,1
101037,2025-02-14T07:00:00.000000000,12:00,seg,Direct,desk,5.12,27.08,18,0,0,359.92,1,28.75,327.72,6.59,-0.72,84.13,eletronicos,MG,Novo,Email,0
107670,2025-04-21T11:00:00.000000000,12:00,2feira,seo,desktop,7.47,34.91,4,0,1,586.77,SIM,19.73,636.75,118.74,-0.38,86.61,BELEZA,BA,REC,Social,0
100806,2025-04-25T19:00:00.000000000,12:00,terca,seo,desktop,3.47,3.94,7,1,0,220.67,SIM,37.67,262.51,48.34,-0.66,85.91,casa,BA,novo,Direct,1
103083,2025-03-31T22:00:00.000000000,12:00,terca,Social,mobile,2.83,38.93,17,1,0,391.76,nao,22.93,403.48,0.87,01.04,33.19,eletronico,BA,Novo,SEO,1
110775,2025-01-10T16:00:00.000000000,12:00,seg,Direct,mobile,6.17,69.64,1,1,0,164.24,sim,,117.01,76.01,0.27,91.64,casa,RJ,REC,Direct,0
112143,2025-04-28T14:00:00.000000000,12:00,doming,email,cel,4.72,117.94,14,0,1,383.76,Não,3.14,463.7,15.41,01.09,85.21,eletronico,BA,Novo,SEO,0
117635,2025-02-07T17:00:00.000000000,12:00,doming,email,mobile,2.38,112.04,13,1,1,448.06,0,1.41,510.91,17.86,1.76,68.01,beleza,RJ,REC,Email,1
108096,2025-04-02T10:00:00.000000000,12:00,doming,paid,MOBILE,0.02,3.85,11,0,0,204.52,SIM,48.04,219.54,80.61,0.47,43.69,moda,PE,novo,Email,0
116334,2025-04-14T15:00:00.000000000,12:00,2feira,seo,desk,7.57,63.87,1,1,0,308.56,SIM,25.3,307.12,96.32,-0.9,72.59,eletronicos,BA,REC,Social,0
108069,2025-03-04T04:00:00.000000000,26:30:00,terca,ORGANIC,cel,7.87,35.05,50,0,1,311.46,SIM,45.22,223.83,110.78,0.86,96.32,beleza,PR,Novo,SEO,0
101161,2025-04-15T05:00:00.000000000,12:00,terca,Email,cel,3.77,66.26,3,1,0,0.0,0,47.54,24.27,105.98,-0.16,87.67,eletronicos,BA,REC,Social,0
101756,2025-01-07T16:00:00.000000000,12:00,doming,insta,desk,05.08,129.93,4,1,1,311.7,0,20.78,337.4,-3.31,1.44,09.03,moda,MG,novo,Email,0
117126,2025-02-16T21:00:00.000000000,12:00,terca,seo,mob,4.53,86.32,2,1,1,263.65,cupom,62.63,230.7,64.57,1.66,92.49,eletronico,PE,REC,Direct,1
108418,2025-01-15T06:00:00.000000000,12:00,doming,email,Desktop,05.05,76.23,19,1,1,263.32,sim,22.98,243.03,140.29,0.34,87.73,casa,PE,novo,Ads,0
104359,2025-03-22T11:00:00.000000000,12:00,2feira,Direct,cel,7.53,42.0,11,0,1,90.65,cupom,32.2,97.77,95.36,-0.26,93.85,eletronicos,RJ,Novo,SEO,0
101038,2025-02-08T21:00:00.000000000,12:00,2feira,email,mobile,5.1,32.62,9,0,1,240.89,sim,13.62,263.89,78.52,1.14,64.18,BELEZA,RS,novo,SEO,0
104296,2025-04-06T00:00:00.000000000,12:00,seg,Email,Desktop,3.93,48.25,12,0,0,0.0,nao,31.8,-49.38,33.29,1.76,23.65,eletronicos,PE,recorrente,Social,0
118039,2025-01-17T04:00:00.000000000,12:00,doming,ORGANIC,desk,4.85,85.03,15,0,0,232.73,cupom,18.98,174.23,50.71,-0.67,51.01,beleza,BA,recorrente,SEO,0
102939,2025-03-06T23:00:00.000000000,12:00,doming,insta,MOBILE,4.52,123.97,6,0,0,257.8,sim,34.56,301.25,95.14,1.58,96.04,casa,SP,REC,Social,0
107496,2025-03-17T21:00:00.000000000,12:00,doming,insta,MOBILE,5.65,84.88,2,1,0,321.04,cupom,53.48,407.54,144.61,-0.11,12.98,BELEZA,BA,REC,Email,0
105976,2026-15-99,12:00,2feira,Paid,cel,3.69,54.26,14,1,0,439.06,SIM,35.47,541.4,80.45,-0.4,52.18,moda,SP,Novo,Email,1
114306,2025-01-09T06:00:00.000000000,12:00,2feira,paid,desk,2.9,58.74,13,1,1,334.51,sim,5.78,271.26,20.79,1.99,82.52,eletronico,PE,novo,Email,1
107923,2025-01-19T21:00:00.000000000,12:00,seg,Dirct,MOBILE,08.01,91.81,13,1,1,326.23,Não,2.87,349.53,-14.6,0.06,64.92,casa,PR,REC,SEO,0
111766,2025-03-06T13:00:00.000000000,12:00,2feira,Paid,mobile,5.73,0.0,17,0,0,337.9,nao,9.45,296.2,140.89,0.82,93.22,beleza,BA,novo,SEO,0
101276,2025-01-05T08:00:00.000000000,12:00,seg,Direct,mobile,5.95,143.17,5,0,0,154.45,SIM,54.23,180.66,142.78,0.46,92.41,beleza,PR,novo,Social,0
108802,2025-02-13T05:00:00.000000000,12:00,terca,Social,mobile,8.68,23.75,18,1,1,130.68,sim,17.47,191.13,48.16,0.65,50.85,eletronico,BA,novo,Email,0
110822,2025-01-01T15:00:00.000000000,12:00,2feira,seo,desktop,4.28,4.21,17,1,1,131.4,Não,-9.57,146.05,-7.38,-0.47,38.84,eletronicos,RJ,REC,Direct,1
106769,2025-02-15T16:00:00.000000000,12:00,doming,Direct,Desktop,3.82,99.08,7,1,0,336.98,SIM,14.37,214.89,44.48,1.95,45.58,BELEZA,MG,Novo,Email,1
113128,2025-04-01T01:00:00.000000000,12:00,terca,Dirct,mobile,4.98,95.97,4,1,1,134.43,cupom,30.23,107.32,146.2,1.36,88.93,eletronicos,PE,recorrente,SEO,1
100638,2025-01-10T09:00:00.000000000,12:00,terca,Dirct,desktop,2.19,104.66,9,1,0,384.6,sim,14.9,362.76,76.4,-0.99,39.38,moda,PR,recorrente,SEO,1
101534,2025-02-05T01:00:00.000000000,99:13:00,terca,Paid,desktop,2.31,130.82,16,1,1,163.77,1,40.79,192.03,2.75,1.33,45.43,beleza,SP,Novo,SEO,1
113091,2025-03-27T14:00:00.000000000,12:00,doming,seo,Desktop,02.09,54.11,9,1,0,272.19,SIM,44.9,190.76,39.96,-0.33,54.29,moda,PE,recorrente,Direct,1
112202,2025-03-21T20:00:00.000000000,12:00,2feira,email,desk,5.43,95.2,3,1,0,447.15,sim,14.68,495.7,-14.69,1.28,60.12,eletronicos,BA,REC,SEO,0
101989,2025-04-01T22:00:00.000000000,12:00,seg,Paid,Desktop,0.99,18.62,18,0,1,647.77,Não,45.54,610.22,111.56,0.2,65.07,casa,SC,REC,Direct,0
111483,2025-04-23T06:00:00.000000000,12:00,terca,ORGANIC,desktop,4.28,112.54,11,1,0,354.3,0,13.24,389.58,-17.81,-0.45,40.18,eletronico,RJ,recorrente,Social,1
104696,2025-02-07T23:00:00.000000000,12:00,seg,ORGANIC,Desktop,3.9,56.64,10,1,1,23.71,cupom,52.66,-71.02,47.64,01.04,46.45,BELEZA,RS,novo,Direct,0
109897,2025-01-21T15:00:00.000000000,99:13:00,doming,email,desktop,7.19,55.35,0,0,0,246.19,Não,17.51,392.32,87.87,0.95,49.73,BELEZA,RS,Novo,Ads,0
119178,2025-02-14T19:00:00.000000000,12:00,seg,Paid,Desktop,3.39,15.86,9,0,1,370.49,SIM,48.18,380.77,-8.81,1.26,32.9,BELEZA,PR,novo,Email,0
103637,2025-04-16T06:00:00.000000000,12:00,doming,ORGANIC,Desktop,06.04,117.45,3,1,0,400.24,sim,24.4,386.86,49.09,0.63,65.05,beleza,RJ,Novo,Ads,0
107516,2025-03-24T10:00:00.000000000,12:00,doming,Email,Desktop,5.84,99.33,20,0,0,171.11,sim,13.27,150.21,81.69,0.65,34.73,eletronico,PE,novo,Direct,0
115849,2025-01-02T14:00:00.000000000,12:00,seg,Paid,Desktop,5.66,87.17,3,1,1,12.32,nao,24.29,44.75,0.18,-0.33,43.0,casa,PR,recorrente,Social,0
107249,2025-01-16T16:00:00.000000000,12:00,2feira,Paid,Desktop,7.14,6.36,7,1,1,275.31,cupom,,240.0,17.03,0.94,37.37,moda,SP,novo,Social,0
116312,2025-02-06T02:00:00.000000000,12:00,seg,Social,desk,0.57,29.92,4,1,1,180.26,nao,9.62,164.8,7.25,0.79,32.72,eletronico,RJ,recorrente,Ads,1
113797,2025-03-15T03:00:00.000000000,12:00,terca,paid,desk,05.04,103.88,14,0,1,165.24,1,33.16,166.98,3.5,-0.86,92.94,beleza,RJ,Novo,Social,0
110679,2025-02-11T13:00:00.000000000,12:00,seg,Social,Desktop,3.45,54.55,6,1,1,27.9,SIM,7.45,89.24,106.48,1.51,48.16,eletronico,BA,REC,Social,0
105394,2025-02-10T17:00:00.000000000,26:30:00,seg,Paid,desktop,3.45,67.59,18,0,0,292.92,0,7.44,254.54,67.25,1.27,10.01,casa,SC,REC,Email,0
115791,2025-03-15T13:00:00.000000000,12:00,seg,paid,Desktop,6.84,73.83,7,1,0,6.16,nao,25.91,-33.92,94.64,-0.12,28.6,BELEZA,SC,novo,SEO,0
107363,2025-03-25T09:00:00.000000000,12:00,2feira,Email,desktop,03.03,42.78,17,0,1,186.32,nao,35.03,130.37,78.32,-0.98,19.08,eletronicos,SP,REC,Social,0
118525,2025-04-10T07:00:00.000000000,12:00,doming,seo,desk,2.82,103.93,10,1,0,238.61,sim,9.31,184.74,148.06,1.67,94.96,casa,SP,recorrente,SEO,1
106149,2025-03-17T15:00:00.000000000,26:30:00,seg,Social,Desktop,6.65,21.19,2,1,1,221.28,1,29.88,163.17,29.74,-0.07,76.88,BELEZA,RS,REC,Direct,0
101901,2025-02-27T04:00:00.000000000,12:00,2feira,Social,cel,0.18,125.7,14,1,1,272.09,SIM,45.81,275.14,57.14,0.79,9.11,casa,SP,Novo,Email,1
113906,2025-02-07T02:00:00.000000000,12:00,doming,paid,MOBILE,6.89,123.27,20,1,1,491.8,Não,26.4,508.25,-18.03,1.55,13.75,beleza,RS,recorrente,SEO,0
107731,2025-04-13T03:00:00.000000000,12:00,2feira,email,Desktop,02.03,78.61,11,0,1,514.62,cupom,16.87,444.95,113.82,0.81,39.58,BELEZA,SP,Novo,Ads,0
101545,2025-02-03T07:00:00.000000000,12:00,seg,ORGANIC,Desktop,7.96,90.81,0,1,0,256.62,0,42.95,329.84,50.73,1.28,71.98,BELEZA,SC,Novo,Social,0
116401,2025-01-23T06:00:00.000000000,12:00,doming,Paid,MOBILE,2.64,54.91,4,0,1,152.18,SIM,50.56,193.33,86.68,1.97,53.37,beleza,RJ,Novo,Ads,0
107618,2025-02-16T15:00:00.000000000,12:00,2feira,paid,desk,5.37,134.27,10,0,1,99.87,nao,21.67,89.96,4.55,1.13,70.69,moda,PE,novo,Social,0
118654,2025-03-07T20:00:00.000000000,26:30:00,2feira,Email,MOBILE,4.84,35.92,16,1,0,110.22,sim,29.3,80.69,126.92,-0.63,21.82,BELEZA,RJ,recorrente,Direct,1
119945,2025-02-05T05:00:00.000000000,12:00,seg,paid,MOBILE,60.0,21.16,15,1,1,143.25,sim,20.27,128.48,124.2,1.3,70.93,casa,PR,REC,Email,0
117626,2025-02-18T00:00:00.000000000,12:00,seg,seo,mob,5.3,77.08,11,0,1,384.16,1,150.0,358.29,59.16,0.81,39.06,BELEZA,RS,REC,Email,0
112819,2025-04-01T08:00:00.000000000,12:00,2feira,Direct,desk,4.2,38.88,2,1,0,340.64,sim,42.57,242.81,49.57,0.48,37.63,eletronicos,MG,novo,SEO,1
104772,2025-03-18T20:00:00.000000000,26:30:00,terca,insta,mob,6.48,46.71,1,0,0,120.39,cupom,14.18,140.06,98.84,0.5,23.78,moda,SP,REC,Ads,0
109503,2025-04-05T02:00:00.000000000,12:00,doming,email,Desktop,5.52,126.08,5,0,0,0.0,Não,54.04,-31.39,24.22,1.28,5.98,eletronicos,RS,recorrente,Social,0
116771,2025-01-28T19:00:00.000000000,12:00,doming,Direct,desktop,0.65,22.16,17,0,1,455.82,Não,26.48,481.32,39.24,1.39,66.12,BELEZA,RS,recorrente,Direct,0
105783,2025-02-28T23:00:00.000000000,12:00,doming,email,mob,1.2,87.56,20,0,1,4.99,cupom,21.25,56.11,76.45,0.54,95.02,BELEZA,PR,recorrente,Social,0
114062,2025-04-01T03:00:00.000000000,12:00,doming,Social,mob,8.88,16.19,13,0,0,339.95,Não,32.84,322.28,67.01,1.98,2.81,eletronicos,RS,novo,Social,0
100453,2025-01-29T04:00:00.000000000,12:00,2feira,email,mobile,0.46,66.32,9,1,1,440.21,cupom,27.63,440.49,146.91,-0.63,68.55,beleza,RJ,REC,Email,1
114310,2025-01-01T12:00:00.000000000,12:00,terca,paid,desktop,4.34,78.82,15,0,0,197.45,1,27.71,222.56,80.97,1.95,37.9,BELEZA,PE,Novo,Social,0
118189,2025-02-28T14:00:00.000000000,12:00,terca,paid,Desktop,2.95,72.19,100,0,1,367.37,cupom,-11.62,362.24,-19.89,-0.58,83.64,moda,RJ,novo,SEO,0
101580,2025-02-14T14:00:00.000000000,12:00,doming,Dirct,mob,2.86,3.47,17,0,1,350.76,sim,56.29,344.28,76.56,0.52,68.27,beleza,RJ,novo,Email,0
118416,2025-04-01T01:00:00.000000000,12:00,terca,insta,Desktop,2.33,61.49,15,0,1,294.58,Não,33.15,288.69,36.87,1.75,48.47,casa,RJ,Novo,Ads,0
101752,2025-02-26T12:00:00.000000000,12:00,doming,Direct,desk,8.45,83.08,12,0,0,107.15,1,26.57,167.86,59.77,0.48,96.09,casa,BA,recorrente,SEO,0
119570,2025-03-06T22:00:00.000000000,12:00,2feira,seo,MOBILE,6.13,138.29,9,1,1,262.45,cupom,43.06,270.52,-19.61,-0.48,39.75,eletronico,PR,REC,Direct,0
109511,2025-02-26T11:00:00.000000000,99:13:00,seg,Email,mob,1.92,72.34,100,1,0,87.7,SIM,22.41,67.64,45.42,1.82,6.99,casa,BA,novo,SEO,0
109589,2025-01-02T20:00:00.000000000,99:13:00,doming,Dirct,cel,5.56,10.39,20,1,0,122.79,SIM,21.52,188.25,0.6,0.5,37.66,eletronico,SP,REC,Ads,0
101726,2025-01-29T16:00:00.000000000,12:00,terca,Dirct,MOBILE,4.56,26.8,17,1,1,466.73,sim,45.85,444.07,101.46,1.24,99.07,eletronicos,RS,novo,Email,1
111865,2025-01-11T10:00:00.000000000,12:00,2feira,seo,mobile,8.21,21.32,15,0,1,213.19,0,13.79,220.32,65.4,0.6,49.03,casa,SP,REC,Email,0
104240,2025-01-29T11:00:00.000000000,12:00,terca,Paid,cel,4.34,111.29,20,1,1,33.35,sim,24.76,45.68,108.6,-0.27,81.55,casa,SC,recorrente,Direct,0
105779,2025-02-15T18:00:00.000000000,12:00,terca,Social,mob,0.66,92.35,16,1,0,393.69,SIM,39.99,415.59,49.0,1.89,15.9,moda,SC,REC,Ads,1
101819,2025-01-11T19:00:00.000000000,12:00,seg,Direct,mobile,7.67,07.03,10,1,0,455.93,nao,28.47,491.34,125.57,0.12,86.81,casa,SP,novo,Social,0
116567,2025-04-11T07:00:00.000000000,12:00,2feira,seo,desktop,7.86,36.78,11,1,1,468.26,Não,33.8,435.18,24.43,-0.08,19.51,beleza,PR,recorrente,Social,0
102286,2025-02-13T09:00:00.000000000,12:00,terca,insta,desktop,08.02,113.95,8,0,0,382.48,1,7.44,409.01,82.47,1.65,50.82,BELEZA,PR,recorrente,Email,0
111653,2025-02-20T21:00:00.000000000,12:00,terca,Email,cel,5.72,23.53,3,0,1,334.01,0,-3.58,231.61,67.58,0.59,50.86,beleza,MG,REC,Email,0
111395,2025-02-25T17:00:00.000000000,12:00,2feira,paid,Desktop,0.2,81.36,8,0,1,79.9,sim,37.57,103.37,48.92,1.44,28.22,eletronico,RJ,novo,Direct,0
105933,2025-03-16T05:00:00.000000000,12:00,terca,ORGANIC,mobile,1.81,46.13,15,0,1,397.64,sim,37.21,375.09,52.48,1.48,78.07,beleza,RJ,recorrente,Direct,0
101804,2025-02-27T10:00:00.000000000,12:00,terca,Email,mob,3.35,68.64,9,1,0,166.89,0,46.29,150.85,136.97,0.99,60.05,eletronicos,RJ,novo,Direct,1
105901,2025-03-09T04:00:00.000000000,99:13:00,seg,seo,mob,4.3,39.9,3,0,1,258.23,1,53.55,300.72,123.61,-0.45,6.97,eletronico,PR,Novo,Social,0
105224,2025-04-09T10:00:00.000000000,12:00,seg,seo,Desktop,03.06,3.37,7,0,1,401.56,nao,27.1,445.65,5.43,-0.48,76.1,BELEZA,SC,novo,SEO,0
107124,2025-01-10T15:00:00.000000000,12:00,seg,insta,cel,05.06,19.7,17,1,1,362.59,Não,32.14,276.0,4.15,0.24,62.92,BELEZA,SC,Novo,Social,0
109786,2025-04-27T12:00:00.000000000,12:00,doming,ORGANIC,desk,1.54,77.04,8,0,0,313.87,Não,42.87,295.83,136.54,-0.75,41.05,moda,SC,REC,Email,0
113413,2025-02-26T20:00:00.000000000,12:00,doming,paid,MOBILE,2.65,116.51,17,1,0,478.68,SIM,2.11,503.19,42.23,0.2,94.73,eletronicos,SP,recorrente,SEO,1
118008,2025-01-18T13:00:00.000000000,12:00,terca,insta,cel,2.16,51.6,7,0,0,548.37,sim,24.56,474.88,38.09,1.28,57.56,moda,PR,REC,Email,0
115391,2025-02-21T09:00:00.000000000,12:00,2feira,Paid,mob,,77.14,2,1,1,221.18,0,19.36,165.98,29.22,1.1,36.33,moda,PE,recorrente,Direct,0
116717,2025-01-30T15:00:00.000000000,12:00,doming,seo,desk,0.47,81.04,0,0,1,196.5,sim,30.63,147.23,12.67,1.36,14.98,eletronicos,RJ,novo,Direct,0
102074,2025-02-24T12:00:00.000000000,12:00,terca,paid,desktop,7.9,15.08,7,0,0,633.0,Não,49.18,647.36,42.1,1.77,18.6,beleza,PE,REC,SEO,0
115394,2025-03-07T03:00:00.000000000,12:00,terca,Social,mobile,1.61,18.97,12,1,1,449.43,0,150.0,460.43,-18.19,1.28,59.84,moda,BA,recorrente,Email,1
118577,2025-04-19T09:00:00.000000000,12:00,doming,Social,mob,2.36,800.0,7,1,1,307.2,cupom,14.78,280.96,55.59,1.29,32.55,casa,PR,recorrente,SEO,1
114642,2025-01-15T10:00:00.000000000,12:00,2feira,Social,Desktop,4.68,77.92,9,0,0,198.88,Não,11.27,198.38,63.17,0.4,86.2,beleza,RJ,Novo,Direct,0
115062,2025-02-05T15:00:00.000000000,12:00,seg,email,desktop,02.07,26.83,6,1,1,388.54,nao,9.54,404.15,67.38,-0.41,3.89,eletronico,SP,recorrente,Ads,1
103288,2025-02-14T19:00:00.000000000,12:00,terca,insta,desk,5.73,15.94,8,0,0,593.52,1,25.35,603.08,102.15,1.7,99.48,beleza,MG,Novo,Ads,0
116097,2025-04-27T08:00:00.000000000,12:00,terca,Direct,desktop,5.66,32.36,12,1,1,227.94,1,-11.64,190.29,36.84,1.13,93.01,eletronico,PR,novo,Email,0
111597,2025-01-03T19:00:00.000000000,26:30:00,seg,ORGANIC,desktop,5.88,34.01,11,1,1,420.6,sim,39.68,488.89,54.92,0.02,63.4,moda,SC,recorrente,Direct,0
103950,2025-02-26T04:00:00.000000000,12:00,terca,Direct,Desktop,60.0,75.74,20,1,1,164.64,1,25.72,214.3,2.2,1.8,43.61,moda,PR,REC,Social,0
117628,2025-02-01T02:00:00.000000000,12:00,seg,Direct,mobile,1.99,41.53,11,0,0,473.48,1,20.69,510.13,109.1,1.49,23.25,eletronico,RJ,recorrente,Direct,0
102857,2025-02-26T20:00:00.000000000,12:00,seg,Paid,mobile,2.95,53.44,2,0,0,353.18,0,24.87,282.77,45.72,0.93,39.7,eletronicos,RJ,novo,Ads,0
105674,2025-04-12T07:00:00.000000000,12:00,seg,Email,MOBILE,2.71,94.38,15,0,0,570.78,cupom,20.18,567.17,7.21,01.02,49.76,moda,SP,Novo,Direct,0
114684,2026-15-99,12:00,doming,paid,MOBILE,3.69,77.6,50,1,1,411.01,0,45.98,359.47,-4.31,-0.72,92.19,BELEZA,MG,REC,Ads,1
104653,2025-04-06T09:00:00.000000000,12:00,2feira,email,MOBILE,4.25,39.4,12,0,0,353.72,1,2.45,312.53,-18.18,-0.23,68.32,moda,PE,recorrente,Ads,0
118779,2025-02-26T19:00:00.000000000,12:00,terca,ORGANIC,desk,3.66,101.32,0,0,0,224.86,1,-3.33,178.17,29.34,1.1,36.38,beleza,RS,Novo,Social,0
101691,2025-02-09T20:00:00.000000000,26:30:00,terca,Social,cel,2.74,77.66,10,1,0,197.84,Não,31.4,237.87,85.45,0.93,26.81,beleza,BA,novo,Email,1
106934,2025-01-08T01:00:00.000000000,12:00,terca,Dirct,MOBILE,6.14,127.08,20,1,0,275.98,Não,3.75,338.47,103.62,-0.77,58.5,eletronicos,BA,recorrente,Direct,0
115297,2025-04-07T18:00:00.000000000,12:00,2feira,seo,desktop,6.34,32.5,15,0,1,423.91,0,29.08,490.28,106.91,0.08,20.3,eletronicos,PR,REC,Social,0
101999,2025-03-08T22:00:00.000000000,12:00,doming,seo,desktop,5.55,64.77,12,1,0,344.16,nao,32.38,389.94,113.75,-0.45,59.67,BELEZA,SC,Novo,Direct,0
107238,2025-01-31T18:00:00.000000000,12:00,terca,email,desk,05.03,41.92,6,1,1,373.89,1,-3.74,403.17,107.06,-0.97,27.2,BELEZA,PE,recorrente,Ads,0
106530,2025-01-11T07:00:00.000000000,12:00,terca,seo,cel,4.77,12.32,9,1,0,361.13,SIM,24.0,393.61,13.27,0.83,44.86,beleza,RJ,REC,Email,1
113001,2025-02-26T22:00:00.000000000,12:00,seg,seo,desktop,7.22,17.13,16,1,1,462.51,sim,35.83,448.95,46.08,-0.03,55.5,eletronico,PE,recorrente,Direct,0
116754,2025-04-21T15:00:00.000000000,12:00,seg,Dirct,cel,2.69,65.14,5,0,1,583.16,cupom,16.41,572.86,13.16,01.01,84.56,eletronicos,SC,Novo,Social,0
103005,2025-03-06T09:00:00.000000000,12:00,seg,Direct,mobile,1.29,83.41,20,1,1,367.24,0,9.46,274.62,61.49,01.05,75.7,eletronico,RJ,recorrente,Social,1
116475,2025-02-07T01:00:00.000000000,12:00,2feira,Email,Desktop,3.48,40.28,6,1,1,455.38,SIM,44.72,504.63,-18.86,-0.21,27.55,casa,MG,novo,Ads,1
113100,2025-01-21T10:00:00.000000000,12:00,seg,Email,mob,3.78,51.61,2,1,1,107.33,sim,8.21,72.55,143.1,1.76,70.41,moda,PE,Novo,Email,1
104687,2025-04-22T03:00:00.000000000,12:00,doming,Paid,Desktop,3.19,110.02,20,1,0,40.21,Não,26.65,22.16,149.4,-0.64,44.75,BELEZA,RJ,novo,SEO,0
109600,2025-01-31T17:00:00.000000000,12:00,terca,Direct,MOBILE,3.31,53.78,6,1,0,184.94,0,36.51,150.88,13.42,1.73,34.54,moda,SC,recorrente,Email,1
103097,2025-03-03T17:00:00.000000000,12:00,terca,paid,mobile,3.37,41.23,6,0,1,400.33,sim,8.91,365.97,89.76,01.09,54.6,eletronicos,SP,REC,SEO,0
104751,2025-02-09T21:00:00.000000000,12:00,terca,Dirct,Desktop,4.5,95.65,3,0,0,158.59,sim,33.93,193.52,145.42,1.85,61.79,eletronicos,SP,REC,Social,0
109909,2025-04-04T00:00:00.000000000,12:00,seg,paid,cel,2.43,39.02,1,0,0,148.74,sim,12.18,176.21,108.72,1.17,22.44,casa,RS,recorrente,Ads,0
113009,2025-01-14T03:00:00.000000000,12:00,terca,Dirct,cel,1.78,82.31,14,0,0,422.17,1,30.96,366.84,76.68,0.78,41.83,beleza,SP,recorrente,Email,0
106410,2025-03-02T06:00:00.000000000,12:00,terca,Email,MOBILE,3.71,41.25,5,1,0,313.15,SIM,24.61,387.14,-6.94,-0.88,1.49,moda,PE,REC,Direct,1
114150,2025-02-01T03:00:00.000000000,12:00,seg,Dirct,Desktop,4.93,61.06,8,1,0,299.77,0,43.5,292.64,74.98,0.45,81.63,moda,MG,novo,Ads,1
117013,2025-01-26T01:00:00.000000000,26:30:00,doming,Direct,mob,3.53,48.3,19,1,0,217.59,Não,40.41,187.0,22.39,0.2,47.57,BELEZA,BA,recorrente,Ads,1
102589,2025-02-04T20:00:00.000000000,12:00,seg,Dirct,desk,1.29,0.0,17,0,0,419.03,sim,41.11,355.6,44.74,1.64,56.66,casa,RJ,recorrente,Social,0
109299,2025-04-29T16:00:00.000000000,12:00,seg,Email,MOBILE,3.85,64.39,13,0,0,353.36,1,10.96,388.75,25.33,0.01,53.53,moda,RJ,Novo,Email,0
100203,2025-03-06T16:00:00.000000000,26:30:00,doming,Paid,MOBILE,2.77,131.58,4,0,0,315.91,Não,28.07,350.6,148.71,1.25,67.89,eletronico,RJ,recorrente,SEO,0
104535,2025-03-17T12:00:00.000000000,99:13:00,terca,Direct,cel,4.91,87.28,2,0,0,162.93,cupom,14.51,214.46,126.87,-0.18,53.95,eletronico,PE,novo,Direct,0
107494,2025-04-08T11:00:00.000000000,12:00,seg,email,MOBILE,2.98,58.6,17,1,1,126.51,SIM,60.58,32.68,90.72,-0.59,86.86,beleza,RJ,novo,Direct,1
108609,2025-02-23T15:00:00.000000000,12:00,seg,paid,desktop,3.88,111.77,9,1,0,552.79,Não,21.73,546.66,134.08,0.61,45.26,beleza,MG,Novo,Ads,1
105921,2025-03-13T12:00:00.000000000,12:00,2feira,Email,mob,5.87,14.03,10,1,1,222.83,Não,23.34,163.92,-6.13,-0.26,45.26,eletronicos,RS,REC,Ads,0
104452,2025-04-22T22:00:00.000000000,12:00,doming,Social,cel,4.26,65.48,19,0,0,252.18,sim,11.87,299.62,10.96,-0.51,69.04,beleza,SC,recorrente,Direct,0
102314,2025-01-27T19:00:00.000000000,12:00,terca,Dirct,cel,3.83,29.66,12,0,0,221.3,sim,23.01,288.41,121.24,-0.51,7.3,eletronicos,MG,Novo,Email,0
114077,2025-03-08T05:00:00.000000000,12:00,doming,paid,Desktop,3.46,12.22,7,1,0,120.92,nao,8.91,77.64,82.43,1.65,80.49,casa,SC,REC,SEO,1
114177,2025-03-02T04:00:00.000000000,12:00,doming,email,MOBILE,2.35,37.45,14,0,0,134.32,Não,30.7,44.13,88.01,0.79,72.42,eletronico,BA,novo,Social,0
119440,2025-02-18T08:00:00.000000000,12:00,seg,Email,desktop,5.15,53.21,13,1,0,353.61,SIM,34.19,348.27,111.38,1.21,86.99,beleza,RJ,recorrente,Email,0
105935,2025-01-19T07:00:00.000000000,12:00,terca,Dirct,mobile,1.15,16.58,19,1,0,10.88,0,8.48,49.86,84.31,0.51,49.85,casa,BA,novo,Email,0
112168,2025-01-24T15:00:00.000000000,12:00,seg,paid,Desktop,2.7,64.32,12,1,0,466.02,1,12.15,448.18,53.47,1.11,8.64,beleza,PE,REC,Social,1
101569,2025-03-19T00:00:00.000000000,12:00,terca,email,mob,1.94,5.35,3,0,1,90.56,1,34.98,-6.92,14.42,0.5,38.63,moda,SP,Novo,Ads,0
104751,2025-02-09T17:00:00.000000000,12:00,seg,ORGANIC,desktop,5.0,80.25,1,1,0,32.01,1,16.88,67.74,138.79,1.62,90.35,casa,PR,recorrente,SEO,0
108320,2025-03-19T00:00:00.000000000,12:00,seg,ORGANIC,mobile,8.67,80.54,1,1,0,10.25,SIM,31.44,-19.1,79.64,0.75,25.42,BELEZA,SP,recorrente,SEO,0
116241,2025-04-07T14:00:00.000000000,99:13:00,doming,Email,mob,1.45,140.86,12,0,0,304.35,0,8.15,379.88,83.61,1.82,49.95,BELEZA,SC,Novo,Direct,0
104540,2025-03-01T11:00:00.000000000,26:30:00,terca,Email,mobile,3.58,59.65,10,0,1,198.88,0,13.22,181.82,41.96,0.19,68.97,eletronicos,SP,novo,Ads,0
114077,2025-03-08T05:00:00.000000000,12:00,doming,paid,Desktop,3.46,12.22,7,1,0,120.92,nao,8.91,77.64,82.43,1.65,80.49,casa,SC,REC,SEO,1
101999,2025-03-08T22:00:00.000000000,12:00,doming,seo,desktop,5.55,64.77,12,1,0,344.16,nao,32.38,389.94,113.75,-0.45,59.67,BELEZA,SC,Novo,Direct,0
101534,2025-02-05T01:00:00.000000000,99:13:00,terca,Paid,desktop,2.31,130.82,16,1,1,163.77,1,40.79,192.03,2.75,1.33,45.43,beleza,SP,Novo,SEO,1
119837,2025-02-15T23:00:00.000000000,12:00,2feira,Direct,cel,2.41,54.35,2,1,0,278.23,1,-3.58,323.97,-18.8,1.95,16.9,eletronico,RJ,Novo,SEO,1
101752,2025-02-26T12:00:00.000000000,12:00,doming,Direct,desk,8.45,83.08,12,0,0,107.15,1,26.57,167.86,59.77,0.48,96.09,casa,BA,recorrente,SEO,0